# Uzbek inflectional affix surfaces, keyed on the Layer 1 search key.
# GENERATED from UzMorphAnalyser affixes.csv (Salaev, MIT). Do not hand-edit.
# The source enumerates whole affix CHAINS rather than slots, so this is a
# surface list: -larimizdangina is one entry, not four. Optional buffer
# segments (i) (a) (t) (s) (n) and the archiphonemes T=d/t G=g/k/q Y=a/y
# Q=q/g/k are expanded into every surface here.
# Every POS the source gives a surface is listed, because one surface
# often serves several: -i is a possessive on a noun and part of a verb
# ending elsewhere. The analyzer uses this to reject a verb affix sitting
# on a stem the lexicon calls a noun.
# surface<TAB>pos[,pos...]
adi	VERB
adigan	VERB
adiki	VERB
adilar	VERB
adimi	VERB
ala	NUM
aman	VERB
amanmi	VERB
amiz	VERB
amizmi	VERB
ar	VERB
ardi	VERB
ardilar	VERB
ardim	VERB
arding	VERB
argan	VERB
arib	VERB
arilayotgan	VERB
arilayotgani	VERB
arilayotganligi	VERB
arildi	VERB
arildik	VERB
arildimi	VERB
arilding	VERB
arildingiz	VERB
arilgan	VERB
arilgani	VERB
arilganligi	VERB
arilganmi	VERB
ariş	VERB
arişi	VERB
arişim	VERB
arişing	VERB
arkan	VERB
armay	VERB
armidi	VERB
armiding	VERB
armidingiz	VERB
asan	VERB
asanmi	VERB
asiz	VERB
asizmi	VERB
aver	VERB
averadi	VERB
averar	VERB
averardi	VERB
averdi	VERB
avergan	VERB
avergandi	VERB
averganding	VERB
avergandingiz	VERB
avergani	VERB
averganidan	VERB
averganim	VERB
averganing	VERB
averganingdan	VERB
averganingga	VERB
averganingiz	VERB
averganingizda	VERB
averganingizdan	VERB
averganingizni	VERB
averma	VERB
avermadi	VERB
avermadik	VERB
avermadim	VERB
avermading	VERB
avermadingiz	VERB
avermagan	VERB
avermagani	VERB
avermaganim	VERB
avermaganing	VERB
avermaganingiz	VERB
ayin	VERB
aylik	VERB
aylikmi	VERB
aymi	VERB
ayotgan	VERB
ayotganda	VERB
ayotgandek	VERB
ayotgandi	VERB
ayotgandik	VERB
ayotgandikmi	VERB
ayotgandilar	VERB
ayotgandim	VERB
ayotgandimi	VERB
ayotgandimmi	VERB
ayotganding	VERB
ayotgandingiz	VERB
ayotgandingizmi	VERB
ayotgandingmi	VERB
ayotgani	VERB
ayotganida	VERB
ayotganidan	VERB
ayotganiga	VERB
ayotganim	VERB
ayotganimda	VERB
ayotganimdan	VERB
ayotganimdek	VERB
ayotganimga	VERB
ayotganimiz	VERB
ayotganimizda	VERB
ayotganimizga	VERB
ayotganimni	VERB
ayotganing	VERB
ayotganingda	VERB
ayotganingdan	VERB
ayotganingga	VERB
ayotganingiz	VERB
ayotganingizda	VERB
ayotganingizdan	VERB
ayotganingizga	VERB
ayotganingizni	VERB
ayotganingni	VERB
ayotganini	VERB
ayotganlar	VERB
ayotganlardan	VERB
ayotganlardanmi	VERB
ayotganlardanmisiz	VERB
ayotganlarimiz	VERB
ayotganlarimizda	VERB
ayotganlarimizdan	VERB
ayotganlarimizni	VERB
ayotganlaring	VERB
ayotganlaringga	VERB
ayotganlaringiz	VERB
ayotganlaringizda	VERB
ayotganlaringizdan	VERB
ayotganlaringizni	VERB
ayotganlaringni	VERB
ayotganligi	VERB
ayotganligidan	VERB
ayotganligini	VERB
ayotganmi	VERB
ayotganmidi	VERB
ayotganni	VERB
ayotib	VERB
ayotir	VERB
b	VERB
bdi	VERB
bdilar	VERB
bdilarmi	VERB
bdimi	VERB
bgina	VERB
bman	VERB
bmiz	VERB
bsan	VERB
bsiz	VERB
ca	VERB
da	VERB
dagi	VERB
dami	VERB
dan	VERB
danmi	VERB
day	VERB
dek	VERB
di	VERB
dik	VERB
dikmi	VERB
dilar	VERB
dilarmi	VERB
dim	VERB
dimi	VERB
dimilar	VERB
dimmi	VERB
ding	VERB
dingiz	VERB
dingizlar	VERB
dingizlarmi	VERB
dingizmi	VERB
dinglar	VERB
dingmi	VERB
dir	VERB
diradi	VERB
diradigan	VERB
dirar	VERB
dirardi	VERB
dirardik	VERB
dirarding	VERB
dirardingiz	VERB
dirarkan	VERB
dirarmidi	VERB
dirayotganda	VERB
dirdi	VERB
dirdik	VERB
dirdikmi	VERB
dirdilar	VERB
dirdim	VERB
dirdimi	VERB
dirdimmi	VERB
dirding	VERB
dirdingiz	VERB
dirdingizmi	VERB
dirdingmi	VERB
dirgan	VERB
dirgandi	VERB
dirgandik	VERB
dirgandilar	VERB
dirganding	VERB
dirgandingiz	VERB
dirgani	VERB
dirganim	VERB
dirganing	VERB
dirganingdan	VERB
dirganingga	VERB
dirganingiz	VERB
dirganingizdan	VERB
dirganingizga	VERB
dirganingizni	VERB
dirganingni	VERB
dirganlar	VERB
dirganmidi	VERB
dirganmidik	VERB
dirganmiding	VERB
dirganmidingiz	VERB
dirib	VERB
diribdi	VERB
diriladigan	VERB
dirildi	VERB
dirildik	VERB
dirildikmi	VERB
dirildimi	VERB
dirildingiz	VERB
dirildingizmi	VERB
dirildingmi	VERB
dirilgan	VERB
dirilganda	VERB
dirilgandan	VERB
dirilgandim	VERB
dirilganding	VERB
dirilgandingiz	VERB
dirilgani	VERB
dirilganida	VERB
dirilganidan	VERB
dirilganiga	VERB
dirilganim	VERB
dirilganing	VERB
dirilganingiz	VERB
dirilganmi	VERB
dirilganmidik	VERB
dirilganmiding	VERB
dirilganmidingiz	VERB
dirilganni	VERB
dirilib	VERB
dirilibdi	VERB
dirilibdimi	VERB
diriliş	VERB
dirilişi	VERB
dirilişida	VERB
dirilişidan	VERB
dirilişini	VERB
diriş	VERB
dirişdan	VERB
dirişdi	VERB
dirişdik	VERB
dirişdimi	VERB
dirişdingiz	VERB
dirişdingizmi	VERB
dirişdingmi	VERB
dirişga	VERB
dirişgan	VERB
dirişgandi	VERB
dirişgani	VERB
dirişganida	VERB
dirişganidan	VERB
dirişganmi	VERB
dirişganmidi	VERB
dirişib	VERB
dirişim	VERB
dirişing	VERB
dirişingiz	VERB
dirişmi	VERB
dirişni	VERB
dirmadi	VERB
dirmadik	VERB
dirmading	VERB
dirmadingiz	VERB
dirmagan	VERB
dirmagandi	VERB
dirmagandik	VERB
dirmagandim	VERB
dirmaganding	VERB
dirmagandingiz	VERB
dirmoq	VERB
dirmoqda	VERB
diruvci	VERB
ga	NOUN
gac	VERB
gaca	NOUN
gacgina	VERB
gami	NOUN
gan	VERB
ganca	VERB
gancalik	VERB
ganda	VERB
gandan	VERB
gandi	VERB
gandik	VERB
gandikmi	VERB
gandilar	VERB
gandim	VERB
ganding	VERB
gandingiz	VERB
gandingizmi	VERB
gandingmi	VERB
gani	VERB
ganica	VERB
ganida	VERB
ganidan	VERB
ganidek	VERB
ganim	VERB
ganimda	VERB
ganimdan	VERB
ganimday	VERB
ganimdek	VERB
ganimiz	VERB
ganimizda	VERB
ganimizdagina	VERB
ganimizday	VERB
ganimizdek	VERB
ganimizni	VERB
ganimiznigina	VERB
ganimni	VERB
ganimnigina	VERB
ganimning	VERB
ganing	VERB
ganingda	VERB
ganingdan	VERB
ganingday	VERB
ganingdek	VERB
ganingga	VERB
ganingiz	VERB
ganingizday	VERB
ganingizdek	VERB
ganingizni	VERB
ganingiznigina	VERB
ganinglar	VERB
ganinglarda	VERB
ganinglardan	VERB
ganinglarni	VERB
ganingni	VERB
ganingnigina	VERB
ganini	VERB
ganlar	VERB
ganlari	VERB
ganlarida	VERB
ganlaridan	VERB
ganlarim	VERB
ganlarimiz	VERB
ganlarimizni	VERB
ganlaring	VERB
ganlaringda	VERB
ganlaringdan	VERB
ganlaringiz	VERB
ganlaringni	VERB
ganlarini	VERB
ganlarni	VERB
ganlarning	VERB
ganligini	VERB
ganman	VERB
ganmi	VERB
ganmidi	VERB
ganmidik	VERB
ganmidilar	VERB
ganmidim	VERB
ganmiding	VERB
ganmidingiz	VERB
ganmisan	VERB
ganmisiz	VERB
ganmiz	VERB
ganmizmi	VERB
ganmiş	VERB
ganni	VERB
gansan	VERB
gansiz	VERB
gansizmi	VERB
gay	VERB
gaz	VERB
gazadi	VERB
gazdi	VERB
gazdilar	VERB
gazdimi	VERB
gazgan	VERB
gazgandi	VERB
gazgandilar	VERB
gazgani	VERB
gazganini	VERB
gazganmi	VERB
gazildi	VERB
gazilgan	VERB
gazilgandi	VERB
gazilgani	VERB
gazilganida	VERB
gazilganidan	VERB
gaziliş	VERB
gaziş	VERB
gazişi	VERB
gazişida	VERB
gazişni	VERB
gazmoqci	VERB
gin	VERB
gina	NOUN
giş	VERB
gudek	VERB
gunca	VERB
i	NOUN
ib	VERB
ibdi	VERB
ibdilar	VERB
ibdilarmi	VERB
ibdimi	VERB
ibgina	VERB
ibman	VERB
ibmiz	VERB
ibsan	VERB
ibsiz	VERB
ida	NOUN
idagi	NOUN
idan	NOUN
iga	NOUN
igaca	NOUN
ikimi	NOUN
il	VERB
iladi	VERB
iladigan	VERB
ilayotgan	VERB
ildi	VERB
ilgan	VERB
ilganca	VERB
ilgandi	VERB
ilgandim	VERB
ilganding	VERB
ilgani	VERB
ilganica	VERB
ilganida	VERB
ilganidan	VERB
ilganiga	VERB
ilganim	VERB
ilganimda	VERB
ilganimdan	VERB
ilganimiz	VERB
ilganimizda	VERB
ilganimizdan	VERB
ilganimizga	VERB
ilganimizni	VERB
ilganing	VERB
ilganingda	VERB
ilganingdan	VERB
ilganini	VERB
ilganligi	VERB
ilganligida	VERB
ilganligidan	VERB
ilganligiga	VERB
ilganligim	VERB
ilganligimda	VERB
ilganligimdan	VERB
ilganligimga	VERB
ilganlik	VERB
ilganman	VERB
ilganmidi	VERB
ilganmiding	VERB
ilganmidingiz	VERB
ilib	VERB
ilibdi	VERB
iliş	VERB
ilişi	VERB
ilişida	VERB
ilişidan	VERB
ilişiga	VERB
ilişini	VERB
ilişining	VERB
ilmadi	VERB
ilmadik	VERB
ilmadim	VERB
ilmagan	VERB
ilmagandik	VERB
ilmagandim	VERB
ilmagani	VERB
ilmaganlar	VERB
ilmaganligi	VERB
ilmas	VERB
ilmasdan	VERB
ilmasin	VERB
ilmasligi	VERB
ilmasligidan	VERB
ilmasligim	VERB
ilmasligimdan	VERB
ilmasligimiz	VERB
ilmasligimizdan	VERB
ilmasligimni	VERB
ilmasliging	VERB
ilmasligingdan	VERB
ilmasliginggiz	VERB
ilmasliginggizdan	VERB
ilmaslik	VERB
ilmay	VERB
ilmaydi	VERB
ilmoqda	VERB
ilmoqdaman	VERB
ilmoqdami	VERB
ilmoqdamiz	VERB
ilmoqdasan	VERB
ilmoqdasiz	VERB
ilyapti	VERB
im	NOUN
iman	NOUN
imcalik	NOUN
imda	NOUN
imdagi	NOUN
imdagiday	NOUN
imdagidek	NOUN
imdagina	NOUN
imdan	NOUN
imga	NOUN
imi	NOUN
imisan	NOUN
imisiz	NOUN
imiz	NOUN
imizda	NOUN
imizdagi	NOUN
imizdagiday	NOUN
imizdan	NOUN
imizga	NOUN
imizmi	NOUN
imizni	NOUN
imizning	NOUN
immi	NOUN
imni	NOUN
imnigina	NOUN
imnimi	NOUN
imning	NOUN
imtir	ADJ
inadi	VERB
inayotgan	VERB
inayotganda	VERB
inayotgandagina	VERB
inayotgandan	VERB
inayotgandek	VERB
inayotganligi	VERB
inci	NUM
incidan	NUM
incini	NUM
incisi	NUM
incisida	NUM
indi	VERB
indilar	VERB
indim	VERB
indimi	VERB
inding	VERB
indingiz	VERB
indingizmi	VERB
indingmi	VERB
ing	NOUN,VERB
ingan	VERB
ingandi	VERB
ingandilar	VERB
ingandimi	VERB
ingani	VERB
inganida	VERB
inganidan	VERB
inganim	VERB
inganimda	VERB
inganimdan	VERB
inganimga	VERB
inganimni	VERB
inganing	VERB
inganingda	VERB
inganingdan	VERB
inganingga	VERB
inganingizmi	VERB
inganingmi	VERB
inganingni	VERB
inganini	VERB
inganlarni	VERB
inganligi	VERB
inganligida	VERB
inganligidan	VERB
inganligim	VERB
inganligimga	VERB
inganliging	VERB
inganligingdan	VERB
inganligingga	VERB
inganligingiz	VERB
inganligingizdan	VERB
inganligingizni	VERB
inganligingni	VERB
inganligini	VERB
inganliklari	VERB
inganliklaridan	VERB
inganliklarimiz	VERB
inganliklarimizdan	VERB
inganliklarimizga	VERB
inganliklaring	VERB
inganliklaringdan	VERB
inganliklaringga	VERB
inganmi	VERB
inganmidi	VERB
inganmidilar	VERB
inganmiding	VERB
inganmidingiz	VERB
inganmilar	VERB
inganmisan	VERB
inganmisiz	VERB
ingda	NOUN
ingdagi	NOUN
ingdagiday	NOUN
ingdagidek	NOUN
ingdan	NOUN
ingga	NOUN
ingiz	NOUN,VERB
ingizda	NOUN
ingizdagi	NOUN
ingizdagiday	NOUN
ingizdagidek	NOUN
ingizdaman	NOUN
ingizdamiz	NOUN
ingizdan	NOUN
ingizdasiz	NOUN
ingizga	NOUN
ingizmi	NOUN
ingizni	NOUN
ingizning	NOUN
inglar	VERB
ingmi	NOUN
ingni	NOUN
ingning	NOUN
ini	NOUN
inib	VERB
inibdi	VERB
inibdilar	VERB
inibdimi	VERB
inibgina	VERB
ining	NOUN
inişdi	VERB
inişdilar	VERB
inişdimi	VERB
inişgan	VERB
inişgandi	VERB
inişgandim	VERB
inişgandimi	VERB
inişganding	VERB
inişgandingiz	VERB
inişgani	VERB
inişganida	VERB
inişganidan	VERB
inişganiga	VERB
inişganmi	VERB
inişi	VERB
inişib	VERB
inişim	VERB
inişing	VERB
inişingiz	VERB
inmadi	VERB
inmadik	VERB
inmadim	VERB
inmading	VERB
inmadingiz	VERB
inmas	VERB
inmasdi	VERB
inmasdilar	VERB
inmasding	VERB
inmay	VERB
inmaydi	VERB
inmaydilar	VERB
inmoqda	VERB
insa	VERB
intir	VERB
intirdi	VERB
intirdilar	VERB
intirding	VERB
intirdingiz	VERB
intirgan	VERB
intirganman	VERB
intirganmi	VERB
intirganmiding	VERB
intirganmidingiz	VERB
intirganmisan	VERB
intirganmisiz	VERB
intirgansan	VERB
intirgansiz	VERB
intirildi	VERB
intirildilar	VERB
intirma	VERB
intirmadi	VERB
ir	VERB
irdi	VERB
irdik	VERB
irdikmi	VERB
irdilar	VERB
irdilarmi	VERB
irdim	VERB
irdimmi	VERB
irding	VERB
irdingiz	VERB
irdingizmi	VERB
irdingmi	VERB
irgan	VERB
irgandi	VERB
irgandik	VERB
irgandimi	VERB
irganding	VERB
irgandingiz	VERB
irgandingizmi	VERB
irgandingmi	VERB
irgani	VERB
irganingda	VERB
irganingdan	VERB
irganlar	VERB
irganlarga	VERB
irganlarica	VERB
irganlarmi	VERB
irganligi	VERB
irganligidan	VERB
irganligiga	VERB
irib	VERB
irildi	VERB
irildik	VERB
irildikmi	VERB
irildilar	VERB
irildim	VERB
irildimmi	VERB
irilding	VERB
irildingiz	VERB
irildingizmi	VERB
irildingmi	VERB
irilgan	VERB
irilgandi	VERB
irilganmi	VERB
irilmoqci	VERB
irmoq	VERB
irmoqci	VERB
isiz	NOUN
itadi	VERB
itayotgan	VERB
itayotganlar	VERB
itayotganlarda	VERB
itayotganlardan	VERB
itayotganlarni	VERB
itdi	VERB
itdimi	VERB
itgan	VERB
itgandik	VERB
itgani	VERB
itganida	VERB
itganidan	VERB
itganiga	VERB
itganim	VERB
itganimda	VERB
itganimdan	VERB
itganimni	VERB
itganini	VERB
itganlar	VERB
itganlardan	VERB
itganlarim	VERB
itganlarimni	VERB
itibdi	VERB
itibdilar	VERB
itiladi	VERB
itiladigan	VERB
itilayotgan	VERB
itilayotgani	VERB
itildi	VERB
itildik	VERB
itildim	VERB
itildimi	VERB
itilding	VERB
itildingiz	VERB
itilgan	VERB
itilgandan	VERB
itilgandi	VERB
itilgandik	VERB
itilgandilar	VERB
itilgandim	VERB
itilganding	VERB
itilgandingiz	VERB
itilgani	VERB
itilganida	VERB
itilganidan	VERB
itilganim	VERB
itilganimda	VERB
itilganimdan	VERB
itilganimni	VERB
itilganing	VERB
itilganlar	VERB
itilganlarni	VERB
itilganman	VERB
itilganmi	VERB
itilganmidi	VERB
itilganmilar	VERB
itilganmiz	VERB
itilgansan	VERB
itilgansiz	VERB
itilib	VERB
itilibdi	VERB
itiliş	VERB
itilişi	VERB
itilişida	VERB
itilişidan	VERB
itilişiga	VERB
itilişim	VERB
itilişing	VERB
itilişingiz	VERB
itilişini	VERB
itilmadi	VERB
itilmadik	VERB
itilmadim	VERB
itilmadimi	VERB
itilmading	VERB
itilmadingiz	VERB
itilmagan	VERB
itilmagani	VERB
itilmaganida	VERB
itilmaganidan	VERB
itilmaganing	VERB
itilmaganman	VERB
itilmaganmiz	VERB
itilmagansan	VERB
itilmagansiz	VERB
itilmas	VERB
itilmasdan	VERB
itilmasdi	VERB
itilmasdik	VERB
itilmasdilar	VERB
itilmasligi	VERB
itilmasligidan	VERB
itilmaslik	VERB
itilmay	VERB
itilmaydi	VERB
itilmaydigan	VERB
itilmayin	VERB
itilmayotgan	VERB
itilmayotgandi	VERB
itilmoq	VERB
itiş	VERB
itişi	VERB
itma	VERB
itmadi	VERB
itmas	VERB
itmasdi	VERB
itmay	VERB
itmaydi	VERB
itmaydigan	VERB
itmaydilar	VERB
itmaydimi	VERB
itmoqci	VERB
itsa	VERB
itsak	VERB
itsam	VERB
itsang	VERB
itsangiz	VERB
ittir	VERB
ittirdi	VERB
ittirdik	VERB
ittirdilar	VERB
ittirdim	VERB
ittirdimi	VERB
ittirding	VERB
ittirdingiz	VERB
ittirdingizmi	VERB
ittirdingmi	VERB
ittirgan	VERB
ittirgani	VERB
ittirganida	VERB
ittirganidan	VERB
ittirganim	VERB
ittirganing	VERB
ittirganingiz	VERB
ittirganini	VERB
ittirib	VERB
ittiribdi	VERB
ittiribdilar	VERB
ittiribdimi	VERB
ittirma	VERB
ittirmadi	VERB
ittirmadik	VERB
ittirmading	VERB
ittirmadingiz	VERB
ittirmagan	VERB
ittirmagandi	VERB
ittirmagandik	VERB
ittirmagandim	VERB
ittirmaganding	VERB
ittirmagandingiz	VERB
ittirmagani	VERB
ittirmaganim	VERB
ittirmaganing	VERB
ittirmaganingiz	VERB
ittirmaganingizda	VERB
ittirmaganingizdan	VERB
ittirmaganligi	VERB
ittirmaganmi	VERB
ittirmaganmidi	VERB
ittirmaganmidik	VERB
ittirmaganmidim	VERB
ittirmaganmiding	VERB
ittirmaganmidingiz	VERB
iz	VERB
izdi	VERB
izdik	VERB
izdikmi	VERB
izdilar	VERB
izdilarmi	VERB
izdimi	VERB
izdimmi	VERB
izding	VERB
izdingiz	VERB
izdingizmi	VERB
izdingmi	VERB
izgan	VERB
izgandi	VERB
izgandik	VERB
izgandimi	VERB
izganding	VERB
izgandingiz	VERB
izgani	VERB
izganida	VERB
izganidan	VERB
izganiga	VERB
izganlar	VERB
izib	VERB
izibdi	VERB
izibdimi	VERB
izildi	VERB
izildimi	VERB
izilgan	VERB
izilganda	VERB
izilgandan	VERB
izilgani	VERB
izilganida	VERB
izilganidan	VERB
izilganiga	VERB
izilganligi	VERB
izilganligidan	VERB
izilganligini	VERB
izilganmi	VERB
izilganni	VERB
izilib	VERB
izilibdi	VERB
izilibdimi	VERB
iziş	VERB
izişda	VERB
izişdan	VERB
izişdi	VERB
izişdilar	VERB
izişgan	VERB
izişgandi	VERB
izişgandilar	VERB
izişgandimi	VERB
izişi	VERB
izişiga	VERB
izişim	VERB
izişing	VERB
izişingiz	VERB
izmoq	VERB
izmoqci	VERB
iş	VERB
işadi	VERB
işardi	VERB
işayotgani	VERB
işayotganida	VERB
işayotganiga	VERB
işayotganini	VERB
işda	VERB
işdan	VERB
işdi	VERB
işdik	VERB
işdikmi	VERB
işdilar	VERB
işdim	VERB
işdimi	VERB
işding	VERB
işdingiz	VERB
işdingizmi	VERB
işdingmi	VERB
işga	VERB
işgan	VERB
işganda	VERB
işgandan	VERB
işgandi	VERB
işgandik	VERB
işgandilar	VERB
işgandim	VERB
işganding	VERB
işgandingiz	VERB
işganga	VERB
işgani	VERB
işganida	VERB
işganidan	VERB
işganim	VERB
işganing	VERB
işganlar	VERB
işganmi	VERB
işganmidi	VERB
işganmidik	VERB
işganmidilar	VERB
işganmidim	VERB
işganmiding	VERB
işganmidingiz	VERB
işganmisan	VERB
işganmisiz	VERB
işi	VERB
işica	VERB
işida	VERB
işidan	VERB
işiga	VERB
işim	VERB
işimda	VERB
işimdan	VERB
işimga	VERB
işimgaca	VERB
işimiz	VERB
işimizda	VERB
işimizdan	VERB
işimizga	VERB
işimizni	VERB
işimizning	VERB
işimni	VERB
işimning	VERB
işing	VERB
işingda	VERB
işingdan	VERB
işingga	VERB
işinggaca	VERB
işingiz	VERB
işingizda	VERB
işingizdan	VERB
işingizga	VERB
işingizgaca	VERB
işingizni	VERB
işingizning	VERB
işingni	VERB
işingning	VERB
işini	VERB
işiş	VERB
işişayotgandi	VERB
işişayotgandilar	VERB
işişayotganida	VERB
işişayotganidan	VERB
işişayotganini	VERB
işişayotganmidi	VERB
işişdi	VERB
işişgan	VERB
işişgandi	VERB
işişgandik	VERB
işişgandilar	VERB
işişganding	VERB
işişgandingiz	VERB
işişgani	VERB
işişganida	VERB
işişganidan	VERB
işişganim	VERB
işişganing	VERB
işişganingiz	VERB
işişganini	VERB
işişganlarimiz	VERB
işişganmi	VERB
işişganmidi	VERB
işma	VERB
işmadi	VERB
işmadilar	VERB
işmadillar	VERB
işmadim	VERB
işmadimi	VERB
işmading	VERB
işmagan	VERB
işmagandi	VERB
işmagani	VERB
işmaganing	VERB
işmaganingiz	VERB
işmaganligi	VERB
işmaganligidan	VERB
işmaganligini	VERB
işmoq	VERB
işni	VERB
işning	VERB
iştir	VERB
iştirgan	VERB
iştiriş	VERB
iştirişda	VERB
iştirişdan	VERB
iştirişdi	VERB
iştirişdimi	VERB
iştirişgan	VERB
iştirişganmi	VERB
iştirişganmidi	VERB
iştirişni	VERB
jon	NOUN
ka	NOUN
kac	VERB
kaca	NOUN
kacgina	VERB
kan	VERB
kanca	VERB
kancalik	VERB
kanda	VERB
kandan	VERB
kandi	VERB
kandik	VERB
kandikmi	VERB
kandilar	VERB
kandim	VERB
kanding	VERB
kandingiz	VERB
kandingizmi	VERB
kandingmi	VERB
kani	VERB
kanica	VERB
kanida	VERB
kanidan	VERB
kanidek	VERB
kanim	VERB
kanimda	VERB
kanimdan	VERB
kanimday	VERB
kanimdek	VERB
kanimiz	VERB
kanimizda	VERB
kanimizdagina	VERB
kanimizday	VERB
kanimizdek	VERB
kanimizni	VERB
kanimiznigina	VERB
kanimni	VERB
kanimnigina	VERB
kanimning	VERB
kaning	VERB
kaningda	VERB
kaningdan	VERB
kaningday	VERB
kaningdek	VERB
kaningga	VERB
kaningiz	VERB
kaningizday	VERB
kaningizdek	VERB
kaningizni	VERB
kaningiznigina	VERB
kaninglar	VERB
kaninglarda	VERB
kaninglardan	VERB
kaninglarni	VERB
kaningni	VERB
kaningnigina	VERB
kanini	VERB
kanlar	VERB
kanlari	VERB
kanlarida	VERB
kanlaridan	VERB
kanlarim	VERB
kanlarimiz	VERB
kanlarimizni	VERB
kanlaring	VERB
kanlaringda	VERB
kanlaringdan	VERB
kanlaringiz	VERB
kanlaringni	VERB
kanlarini	VERB
kanlarni	VERB
kanlarning	VERB
kanligini	VERB
kanman	VERB
kanmi	VERB
kanmidi	VERB
kanmidik	VERB
kanmidilar	VERB
kanmidim	VERB
kanmiding	VERB
kanmidingiz	VERB
kanmisan	VERB
kanmisiz	VERB
kanmiz	VERB
kanmizmi	VERB
kanmiş	VERB
kanni	VERB
kansan	VERB
kansiz	VERB
kansizmi	VERB
kay	VERB
kaz	VERB
kazadi	VERB
kazdi	VERB
kazdilar	VERB
kazdimi	VERB
kazgan	VERB
kazgandi	VERB
kazgandilar	VERB
kazgani	VERB
kazganini	VERB
kazganmi	VERB
kazildi	VERB
kazilgan	VERB
kazilgandi	VERB
kazilgani	VERB
kazilganida	VERB
kazilganidan	VERB
kaziliş	VERB
kaziş	VERB
kazişi	VERB
kazişida	VERB
kazişni	VERB
kazmoqci	VERB
kin	VERB
kudek	VERB
kunca	VERB
l	VERB
lab	ADV,NUM
ladi	VERB
ladigan	VERB
lar	NOUN
larca	NUM
larda	NOUN
lardagi	NOUN
lardan	NOUN
lardanmi	NOUN
larday	NOUN
lardek	NOUN
larga	NOUN
largina	NOUN
lari	NOUN
larida	NOUN
laridan	NOUN
lariga	NOUN
larim	NOUN
larimda	NOUN
larimdagi	NOUN
larimdagiday	NOUN
larimdagidek	NOUN
larimdan	NOUN
larimga	NOUN
larimiz	NOUN
larimizda	NOUN
larimizdagi	NOUN
larimizdagidek	NOUN
larimizdan	NOUN
larimizdangina	NOUN
larimizga	NOUN
larimizgina	NOUN
larimizni	NOUN
larimiznigina	NOUN
larimizning	NOUN
larimni	NOUN
larimniki	NOUN
larimning	NOUN
laring	NOUN
laringiz	NOUN
laringizdan	NOUN
laringizni	NOUN
laringizning	NOUN
larini	NOUN
larining	NOUN
larmi	NOUN
larmiz	NOUN
larni	NOUN
larnigina	NOUN
larniki	NOUN
larnikicalik	NOUN
larning	NOUN
larninggina	NOUN
layotgan	VERB
ldi	VERB
lgan	VERB
lganca	VERB
lgandi	VERB
lgandim	VERB
lganding	VERB
lgani	VERB
lganica	VERB
lganida	VERB
lganidan	VERB
lganiga	VERB
lganim	VERB
lganimda	VERB
lganimdan	VERB
lganimiz	VERB
lganimizda	VERB
lganimizdan	VERB
lganimizga	VERB
lganimizni	VERB
lganing	VERB
lganingda	VERB
lganingdan	VERB
lganini	VERB
lganligi	VERB
lganligida	VERB
lganligidan	VERB
lganligiga	VERB
lganligim	VERB
lganligimda	VERB
lganligimdan	VERB
lganligimga	VERB
lganman	VERB
lganmidi	VERB
lganmiding	VERB
lganmidingiz	VERB
li	NOUN
liş	VERB
lişi	VERB
lişida	VERB
lişidan	VERB
lişiga	VERB
lişini	VERB
lişining	VERB
lmadi	VERB
lmadik	VERB
lmadim	VERB
lmagan	VERB
lmagandik	VERB
lmagandim	VERB
lmagani	VERB
lmaganlar	VERB
lmaganligi	VERB
lmas	VERB
lmasdan	VERB
lmasin	VERB
lmasligi	VERB
lmasligidan	VERB
lmasligim	VERB
lmasligimdan	VERB
lmasligimiz	VERB
lmasligimizdan	VERB
lmasligimni	VERB
lmasliging	VERB
lmasligingdan	VERB
lmasliginggiz	VERB
lmasliginggizdan	VERB
lmaslik	VERB
lmay	VERB
lmaydi	VERB
lmoqda	VERB
lmoqdaman	VERB
lmoqdami	VERB
lmoqdamiz	VERB
lmoqdasan	VERB
lmoqdasiz	VERB
lyapti	VERB
m	NOUN
ma	VERB
madi	VERB
madik	VERB
madikmi	VERB
madilar	VERB
madilarmi	VERB
madim	VERB
madimmi	VERB
mading	VERB
madingiz	VERB
madingizmi	VERB
madingmi	VERB
magan	VERB
magandek	VERB
magandi	VERB
magandilar	VERB
maganding	VERB
magandingizlarmi	VERB
magandingmi	VERB
maganga	VERB
magani	VERB
maganida	VERB
maganidan	VERB
maganidek	VERB
maganing	VERB
maganingda	VERB
maganingdan	VERB
maganingni	VERB
maganini	VERB
maganlari	VERB
maganlaridan	VERB
maganlaring	VERB
maganlarini	VERB
maganlarni	VERB
maganlarning	VERB
maganligi	VERB
maganligidan	VERB
maganliging	VERB
maganligingni	VERB
maganliklari	VERB
maganliklaridan	VERB
maganliklarini	VERB
maganmi	VERB
maganmidi	VERB
maganmidilar	VERB
maganmiding	VERB
magansiz	VERB
magin	VERB
man	VERB
mang	VERB
mangiz	VERB
manmi	VERB
mas	VERB
masak	VERB
masam	VERB
masang	VERB
masangiz	VERB
masdan	VERB
masdi	VERB
masdik	VERB
masdilar	VERB
masdim	VERB
masdingiz	VERB
masidan	VERB
masin	VERB
masligi	VERB
masligidan	VERB
masligiga	VERB
masligim	VERB
masliging	VERB
masligingdan	VERB
masligingiz	VERB
masligini	VERB
maslik	VERB
masliklari	VERB
masliklaridan	VERB
maslikni	VERB
massiz	VERB
may	VERB
mayapti	VERB
maydi	VERB
maydigan	VERB
maydigani	VERB
maydiganim	VERB
maydiganing	VERB
maydiganingmi	VERB
maydiganingni	VERB
maydiganlar	VERB
maydiganlarga	VERB
maydiganlari	VERB
maydiganlaridan	VERB
maydiganlarim	VERB
maydiganlarimiz	VERB
maydiganlarimizdan	VERB
maydiganlarimizni	VERB
maydiganlaring	VERB
maydiganlaringiz	VERB
maydiganlaringizmi	VERB
maydiganlaringni	VERB
maydiganlarini	VERB
maydiganlarni	VERB
maydiganlarning	VERB
maydilar	VERB
maydilarmi	VERB
maygina	VERB
mayin	VERB
maylik	VERB
mayotgan	VERB
mayotgani	VERB
mayotganidan	VERB
mayotganini	VERB
mayotganligi	VERB
mayotganligidan	VERB
mayotganligini	VERB
mcalik	NOUN
mda	NOUN
mdagi	NOUN
mdagiday	NOUN
mdagidek	NOUN
mdagina	NOUN
mdan	NOUN
mga	NOUN
mi	NOUN
midi	NOUN
mikan	NOUN
misan	NOUN
misiz	NOUN
miz	NOUN
mizda	NOUN
mizdagi	NOUN
mizdagiday	NOUN
mizdan	NOUN
mizga	NOUN
mizlar	NOUN
mizmi	NOUN
mizni	NOUN
mizning	NOUN
miş	NOUN
mlar	NOUN
mlardan	NOUN
mlarga	NOUN
mlargagina	NOUN
mlarni	NOUN
mlarniki	NOUN
mlarning	NOUN
mmi	NOUN
mni	NOUN
mnigina	NOUN
mnimi	NOUN
mning	NOUN
moq	VERB
moqci	VERB
moqcilar	X
moqciligi	X
moqciligidan	X
moqcimi	VERB
moqcimiding	VERB
moqcimidingiz	VERB
moqcimiz	VERB
moqcisan	VERB
moqcisiz	VERB
moqda	VERB
moqdalar	X
moqdami	X
mtir	ADJ
nadi	VERB
nayotgan	VERB
nayotganda	VERB
nayotgandagina	VERB
nayotgandan	VERB
nayotgandek	VERB
nayotganligi	VERB
nci	NUM
ncisi	NUM
ncisida	NUM
ndi	VERB
ndilar	VERB
ndim	VERB
ndimi	VERB
nding	VERB
ndingiz	VERB
ndingizmi	VERB
ndingmi	VERB
ng	NOUN,VERB
ngan	VERB
ngandi	VERB
ngandilar	VERB
ngandimi	VERB
ngani	VERB
nganida	VERB
nganidan	VERB
nganim	VERB
nganimda	VERB
nganimdan	VERB
nganimga	VERB
nganimni	VERB
nganing	VERB
nganingda	VERB
nganingdan	VERB
nganingga	VERB
nganingizmi	VERB
nganingmi	VERB
nganingni	VERB
nganini	VERB
nganlarni	VERB
nganligi	VERB
nganligida	VERB
nganligidan	VERB
nganligim	VERB
nganligimga	VERB
nganliging	VERB
nganligingdan	VERB
nganligingga	VERB
nganligingiz	VERB
nganligingizdan	VERB
nganligingizni	VERB
nganligingni	VERB
nganligini	VERB
nganliklari	VERB
nganliklaridan	VERB
nganliklarimiz	VERB
nganliklarimizdan	VERB
nganliklarimizga	VERB
nganliklaring	VERB
nganliklaringdan	VERB
nganliklaringga	VERB
nganmi	VERB
nganmidi	VERB
nganmidilar	VERB
nganmiding	VERB
nganmidingiz	VERB
nganmilar	VERB
nganmisan	VERB
nganmisiz	VERB
ngda	NOUN
ngdagi	NOUN
ngdagiday	NOUN
ngdagidek	NOUN
ngdan	NOUN
ngga	NOUN
ngiz	NOUN,VERB
ngizda	NOUN
ngizdagi	NOUN
ngizdagiday	NOUN
ngizdagidek	NOUN
ngizdaman	NOUN
ngizdamiz	NOUN
ngizdan	NOUN
ngizdasiz	NOUN
ngizga	NOUN
ngizlar	NOUN
ngizmi	NOUN
ngizni	NOUN
ngizning	NOUN
nglar	NOUN,VERB
ngmi	NOUN
ngni	NOUN
ngning	NOUN
ni	NOUN
nib	VERB
nibdi	VERB
nibdilar	VERB
nibdimi	VERB
nibgina	VERB
niki	NOUN
nikicalik	NOUN
nikidan	NOUN
nikiday	NOUN
nikidir	PRN
nikimi	NOUN
ning	NOUN
nişdi	VERB
nişdilar	VERB
nişdimi	VERB
nişgan	VERB
nişgandi	VERB
nişgandim	VERB
nişgandimi	VERB
nişganding	VERB
nişgandingiz	VERB
nişgani	VERB
nişganida	VERB
nişganidan	VERB
nişganiga	VERB
nişganmi	VERB
nişi	VERB
nişib	VERB
nişim	VERB
nişing	VERB
nişingiz	VERB
nmadi	VERB
nmadik	VERB
nmadim	VERB
nmading	VERB
nmadingiz	VERB
nmas	VERB
nmasdi	VERB
nmasdilar	VERB
nmasding	VERB
nmay	VERB
nmaydi	VERB
nmaydilar	VERB
nmoqda	VERB
nsa	VERB
ntir	VERB
ntirdi	VERB
ntirdilar	VERB
ntirding	VERB
ntirdingiz	VERB
ntirgan	VERB
ntirganman	VERB
ntirganmi	VERB
ntirganmiding	VERB
ntirganmidingiz	VERB
ntirganmisan	VERB
ntirganmisiz	VERB
ntirgansan	VERB
ntirgansiz	VERB
ntirildi	VERB
ntirildilar	VERB
ntirma	VERB
ntirmadi	VERB
olmadi	VERB
olmagan	VERB
olmas	VERB
olmasligi	VERB
olmasligidan	VERB
olmasligini	VERB
olmaslik	VERB
olmay	VERB
olmayapti	VERB
olmayaptimi	VERB
olmaydi	VERB
olmaydigan	VERB
olmaydimi	VERB
olmayotgan	VERB
ov	NUM
ovi	NUM
ovlab	NUM
ovlaş	NUM
ovlaşib	NUM
ovlon	NUM
qa	NOUN
qac	VERB
qaca	NOUN
qacgina	VERB
qan	VERB
qanca	VERB
qancalik	VERB
qanda	VERB
qandan	VERB
qandi	VERB
qandik	VERB
qandikmi	VERB
qandilar	VERB
qandim	VERB
qanding	VERB
qandingiz	VERB
qandingizmi	VERB
qandingmi	VERB
qani	VERB
qanica	VERB
qanida	VERB
qanidan	VERB
qanidek	VERB
qanim	VERB
qanimda	VERB
qanimdan	VERB
qanimday	VERB
qanimdek	VERB
qanimiz	VERB
qanimizda	VERB
qanimizdagina	VERB
qanimizday	VERB
qanimizdek	VERB
qanimizni	VERB
qanimiznigina	VERB
qanimni	VERB
qanimnigina	VERB
qanimning	VERB
qaning	VERB
qaningda	VERB
qaningdan	VERB
qaningday	VERB
qaningdek	VERB
qaningga	VERB
qaningiz	VERB
qaningizday	VERB
qaningizdek	VERB
qaningizni	VERB
qaningiznigina	VERB
qaninglar	VERB
qaninglarda	VERB
qaninglardan	VERB
qaninglarni	VERB
qaningni	VERB
qaningnigina	VERB
qanini	VERB
qanlar	VERB
qanlari	VERB
qanlarida	VERB
qanlaridan	VERB
qanlarim	VERB
qanlarimiz	VERB
qanlarimizni	VERB
qanlaring	VERB
qanlaringda	VERB
qanlaringdan	VERB
qanlaringiz	VERB
qanlaringni	VERB
qanlarini	VERB
qanlarni	VERB
qanlarning	VERB
qanligini	VERB
qanman	VERB
qanmi	VERB
qanmidi	VERB
qanmidik	VERB
qanmidilar	VERB
qanmidim	VERB
qanmiding	VERB
qanmidingiz	VERB
qanmisan	VERB
qanmisiz	VERB
qanmiz	VERB
qanmizmi	VERB
qanmiş	VERB
qanni	VERB
qansan	VERB
qansiz	VERB
qansizmi	VERB
qay	VERB
qaz	VERB
qazadi	VERB
qazdi	VERB
qazdilar	VERB
qazdimi	VERB
qazgan	VERB
qazgandi	VERB
qazgandilar	VERB
qazgani	VERB
qazganini	VERB
qazganmi	VERB
qazildi	VERB
qazilgan	VERB
qazilgandi	VERB
qazilgani	VERB
qazilganida	VERB
qazilganidan	VERB
qaziliş	VERB
qaziş	VERB
qazişi	VERB
qazişida	VERB
qazişni	VERB
qazmoqci	VERB
qin	VERB
qudek	VERB
qunca	VERB
rdi	VERB
rdilar	VERB
rdim	VERB
rding	VERB
rkan	VERB
rmidi	VERB
rmiding	VERB
rmidingiz	VERB
roq	ADJ
sa	VERB
sak	VERB
sakgina	VERB
sakmi	VERB
salar	VERB
sam	VERB
samgina	VERB
sami	VERB
sammi	VERB
san	NOUN
sang	VERB
sanggina	VERB
sangiz	VERB
sangizgina	VERB
sangmi	VERB
sat	VERB
satdi	VERB
satdik	VERB
satdim	VERB
satgan	VERB
satganda	VERB
satgandan	VERB
satgandi	VERB
satgandik	VERB
satgandim	VERB
satganding	VERB
satganga	VERB
satganim	VERB
satganimda	VERB
satganimdan	VERB
satganimga	VERB
satganimni	VERB
satganimning	VERB
satsa	VERB
saydi	VERB
saydik	VERB
saydim	VERB
sayding	VERB
saydingiz	VERB
si	NOUN
sida	NOUN
sidagi	NOUN
sidan	NOUN
siga	NOUN
siman	NOUN
simi	NOUN
simisan	NOUN
simisiz	NOUN
sin	VERB
sini	NOUN
sining	NOUN
sinlar	VERB
sinlarmi	VERB
sinmi	VERB
sisiz	NOUN
siz	NOUN
sizligi	NOUN
sizligida	NOUN
sizligidan	NOUN
sizligim	NOUN
sizliging	NOUN
sizligingiz	NOUN
sizligini	NOUN
ta	NUM
taca	NUM
tadan	NUM
tadi	VERB
taga	NUM
tagaca	NUM
tasi	NUM
tasidan	NUM
tayotgan	VERB
tayotganlar	VERB
tayotganlarda	VERB
tayotganlardan	VERB
tayotganlarni	VERB
tdi	VERB
tdimi	VERB
tdir	VERB
tdirayotganda	VERB
tdirdi	VERB
tdirdik	VERB
tdirdikmi	VERB
tdirdilar	VERB
tdirdim	VERB
tdirdimi	VERB
tdirdimmi	VERB
tdirding	VERB
tdirdingiz	VERB
tdirdingizmi	VERB
tdirdingmi	VERB
tdirgan	VERB
tdirgandi	VERB
tdirgandilar	VERB
tdirganding	VERB
tdirgandingiz	VERB
tdirganmidi	VERB
tdirganmiding	VERB
tdirganmidingiz	VERB
tdirildi	VERB
tdirildimi	VERB
tdirilgan	VERB
tdirilgandim	VERB
tdirilganding	VERB
tdirilgandingiz	VERB
tdirilganim	VERB
tdirilganing	VERB
tdirilganingiz	VERB
tdirilganmi	VERB
tdirilganmidik	VERB
tdirilganmiding	VERB
tdirilganmidingiz	VERB
tdirmadi	VERB
tdirmadik	VERB
tdirmading	VERB
tdirmadingiz	VERB
tdirmagan	VERB
tdirmagandi	VERB
tdirmagandik	VERB
tdirmagandim	VERB
tdirmaganding	VERB
tdirmagandingiz	VERB
tdirmoq	VERB
tgan	VERB
tgandik	VERB
tgani	VERB
tganida	VERB
tganidan	VERB
tganiga	VERB
tganim	VERB
tganimda	VERB
tganimdan	VERB
tganimni	VERB
tganini	VERB
tganlar	VERB
tganlardan	VERB
tganlarim	VERB
tganlarimni	VERB
tibdi	VERB
tibdilar	VERB
tiladi	VERB
tiladigan	VERB
tilayotgan	VERB
tilayotgani	VERB
tildi	VERB
tildik	VERB
tildim	VERB
tildimi	VERB
tilding	VERB
tildingiz	VERB
tilgan	VERB
tilgandan	VERB
tilgandi	VERB
tilgandik	VERB
tilgandilar	VERB
tilgandim	VERB
tilganding	VERB
tilgandingiz	VERB
tilgani	VERB
tilganida	VERB
tilganidan	VERB
tilganim	VERB
tilganimda	VERB
tilganimdan	VERB
tilganimni	VERB
tilganing	VERB
tilganlar	VERB
tilganlarni	VERB
tilganman	VERB
tilganmi	VERB
tilganmidi	VERB
tilganmilar	VERB
tilganmiz	VERB
tilgansan	VERB
tilgansiz	VERB
tilib	VERB
tilibdi	VERB
tiliş	VERB
tilişi	VERB
tilişida	VERB
tilişidan	VERB
tilişiga	VERB
tilişim	VERB
tilişing	VERB
tilişingiz	VERB
tilişini	VERB
tilmadi	VERB
tilmadik	VERB
tilmadim	VERB
tilmadimi	VERB
tilmading	VERB
tilmadingiz	VERB
tilmagan	VERB
tilmagani	VERB
tilmaganida	VERB
tilmaganidan	VERB
tilmaganing	VERB
tilmaganman	VERB
tilmaganmiz	VERB
tilmagansan	VERB
tilmagansiz	VERB
tilmas	VERB
tilmasdan	VERB
tilmasdi	VERB
tilmasdik	VERB
tilmasdilar	VERB
tilmasligi	VERB
tilmasligidan	VERB
tilmaslik	VERB
tilmay	VERB
tilmaydi	VERB
tilmaydigan	VERB
tilmayin	VERB
tilmayotgan	VERB
tilmayotgandi	VERB
tilmoq	VERB
tir	VERB
tiradi	VERB
tiradigan	VERB
tirar	VERB
tirardi	VERB
tirardik	VERB
tirarding	VERB
tirardingiz	VERB
tirarkan	VERB
tirarmidi	VERB
tirayotganda	VERB
tirdi	VERB
tirdik	VERB
tirdikmi	VERB
tirdilar	VERB
tirdim	VERB
tirdimi	VERB
tirdimmi	VERB
tirding	VERB
tirdingiz	VERB
tirdingizmi	VERB
tirdingmi	VERB
tirgan	VERB
tirgandi	VERB
tirgandik	VERB
tirgandilar	VERB
tirganding	VERB
tirgandingiz	VERB
tirgani	VERB
tirganim	VERB
tirganing	VERB
tirganingdan	VERB
tirganingga	VERB
tirganingiz	VERB
tirganingizdan	VERB
tirganingizga	VERB
tirganingizni	VERB
tirganingni	VERB
tirganlar	VERB
tirganmidi	VERB
tirganmidik	VERB
tirganmiding	VERB
tirganmidingiz	VERB
tirib	VERB
tiribdi	VERB
tiriladigan	VERB
tirildi	VERB
tirildik	VERB
tirildikmi	VERB
tirildimi	VERB
tirildingiz	VERB
tirildingizmi	VERB
tirildingmi	VERB
tirilgan	VERB
tirilganda	VERB
tirilgandan	VERB
tirilgandim	VERB
tirilganding	VERB
tirilgandingiz	VERB
tirilgani	VERB
tirilganida	VERB
tirilganidan	VERB
tirilganiga	VERB
tirilganim	VERB
tirilganing	VERB
tirilganingiz	VERB
tirilganmi	VERB
tirilganmidik	VERB
tirilganmiding	VERB
tirilganmidingiz	VERB
tirilganni	VERB
tirilib	VERB
tirilibdi	VERB
tirilibdimi	VERB
tiriliş	VERB
tirilişi	VERB
tirilişida	VERB
tirilişidan	VERB
tirilişini	VERB
tiriş	VERB
tirişdan	VERB
tirişdi	VERB
tirişdik	VERB
tirişdimi	VERB
tirişdingiz	VERB
tirişdingizmi	VERB
tirişdingmi	VERB
tirişga	VERB
tirişgan	VERB
tirişgandi	VERB
tirişgani	VERB
tirişganida	VERB
tirişganidan	VERB
tirişganmi	VERB
tirişganmidi	VERB
tirişib	VERB
tirişim	VERB
tirişing	VERB
tirişingiz	VERB
tirişmi	VERB
tirişni	VERB
tirmadi	VERB
tirmadik	VERB
tirmading	VERB
tirmadingiz	VERB
tirmagan	VERB
tirmagandi	VERB
tirmagandik	VERB
tirmagandim	VERB
tirmaganding	VERB
tirmagandingiz	VERB
tirmoq	VERB
tirmoqda	VERB
tiruvci	VERB
tiş	VERB
tişi	VERB
tma	VERB
tmadi	VERB
tmas	VERB
tmasdi	VERB
tmay	VERB
tmaydi	VERB
tmaydigan	VERB
tmaydilar	VERB
tmaydimi	VERB
tmoqci	VERB
tsa	VERB
tsak	VERB
tsam	VERB
tsang	VERB
tsangiz	VERB
ttir	VERB
ttirayotganda	VERB
ttirdi	VERB
ttirdik	VERB
ttirdikmi	VERB
ttirdilar	VERB
ttirdim	VERB
ttirdimi	VERB
ttirdimmi	VERB
ttirding	VERB
ttirdingiz	VERB
ttirdingizmi	VERB
ttirdingmi	VERB
ttirgan	VERB
ttirgandi	VERB
ttirgandilar	VERB
ttirganding	VERB
ttirgandingiz	VERB
ttirgani	VERB
ttirganida	VERB
ttirganidan	VERB
ttirganim	VERB
ttirganing	VERB
ttirganingiz	VERB
ttirganini	VERB
ttirganmidi	VERB
ttirganmiding	VERB
ttirganmidingiz	VERB
ttirib	VERB
ttiribdi	VERB
ttiribdilar	VERB
ttiribdimi	VERB
ttirildi	VERB
ttirildimi	VERB
ttirilgan	VERB
ttirilgandim	VERB
ttirilganding	VERB
ttirilgandingiz	VERB
ttirilganim	VERB
ttirilganing	VERB
ttirilganingiz	VERB
ttirilganmi	VERB
ttirilganmidik	VERB
ttirilganmiding	VERB
ttirilganmidingiz	VERB
ttirma	VERB
ttirmadi	VERB
ttirmadik	VERB
ttirmading	VERB
ttirmadingiz	VERB
ttirmagan	VERB
ttirmagandi	VERB
ttirmagandik	VERB
ttirmagandim	VERB
ttirmaganding	VERB
ttirmagandingiz	VERB
ttirmagani	VERB
ttirmaganim	VERB
ttirmaganing	VERB
ttirmaganingiz	VERB
ttirmaganingizda	VERB
ttirmaganingizdan	VERB
ttirmaganligi	VERB
ttirmaganmi	VERB
ttirmaganmidi	VERB
ttirmaganmidik	VERB
ttirmaganmidim	VERB
ttirmaganmiding	VERB
ttirmaganmidingiz	VERB
ttirmoq	VERB
xon	NOUN
yapman	VERB
yapmiz	VERB
yapsan	VERB
yapsiz	VERB
yapti	VERB
yaptimi	VERB,X
ydi	VERB
ydigan	VERB
ydiki	VERB
ydilar	VERB
ydimi	VERB
yin	VERB
ylik	VERB
ylikmi	VERB
yman	VERB
ymanmi	VERB
ymi	VERB
ymiz	VERB
ymizmi	VERB
yotgan	VERB
yotganda	VERB
yotgandek	VERB
yotgandi	VERB
yotgandik	VERB
yotgandikmi	VERB
yotgandilar	VERB
yotgandim	VERB
yotgandimi	VERB
yotgandimmi	VERB
yotganding	VERB
yotgandingiz	VERB
yotgandingizmi	VERB
yotgandingmi	VERB
yotgani	VERB
yotganida	VERB
yotganidan	VERB
yotganiga	VERB
yotganim	VERB
yotganimda	VERB
yotganimdan	VERB
yotganimdek	VERB
yotganimga	VERB
yotganimiz	VERB
yotganimizda	VERB
yotganimizga	VERB
yotganimni	VERB
yotganing	VERB
yotganingda	VERB
yotganingdan	VERB
yotganingga	VERB
yotganingiz	VERB
yotganingizda	VERB
yotganingizdan	VERB
yotganingizga	VERB
yotganingizni	VERB
yotganingni	VERB
yotganini	VERB
yotganlar	VERB
yotganlardan	VERB
yotganlardanmi	VERB
yotganlardanmisiz	VERB
yotganlarimiz	VERB
yotganlarimizda	VERB
yotganlarimizdan	VERB
yotganlarimizni	VERB
yotganlaring	VERB
yotganlaringga	VERB
yotganlaringiz	VERB
yotganlaringizda	VERB
yotganlaringizdan	VERB
yotganlaringizni	VERB
yotganlaringni	VERB
yotganligi	VERB
yotganligidan	VERB
yotganligini	VERB
yotganmi	VERB
yotganmidi	VERB
yotganni	VERB
yotib	VERB
yotir	VERB
ysan	VERB
ysanmi	VERB
ysiz	VERB
ysizmi	VERB
yver	VERB
yveradi	VERB
yverar	VERB
yverardi	VERB
yverdi	VERB
yvergan	VERB
yvergandi	VERB
yverganding	VERB
yvergandingiz	VERB
yvergani	VERB
yverganidan	VERB
yverganim	VERB
yverganing	VERB
yverganingdan	VERB
yverganingga	VERB
yverganingiz	VERB
yverganingizda	VERB
yverganingizdan	VERB
yverganingizni	VERB
yverma	VERB
yvermadi	VERB
yvermadik	VERB
yvermadim	VERB
yvermading	VERB
yvermadingiz	VERB
yvermagan	VERB
yvermagani	VERB
yvermaganim	VERB
yvermaganing	VERB
yvermaganingiz	VERB
ş	VERB
şadi	VERB
şardi	VERB
şayotgani	VERB
şayotganida	VERB
şayotganiga	VERB
şayotganini	VERB
şda	VERB
şdan	VERB
şdi	VERB
şdik	VERB
şdikmi	VERB
şdilar	VERB
şdim	VERB
şdimi	VERB
şding	VERB
şdingiz	VERB
şdingizmi	VERB
şdingmi	VERB
şga	VERB
şgan	VERB
şganda	VERB
şgandan	VERB
şgandi	VERB
şgandik	VERB
şgandilar	VERB
şgandim	VERB
şganding	VERB
şgandingiz	VERB
şganga	VERB
şgani	VERB
şganida	VERB
şganidan	VERB
şganim	VERB
şganing	VERB
şganlar	VERB
şganmi	VERB
şganmidi	VERB
şganmidik	VERB
şganmidilar	VERB
şganmidim	VERB
şganmiding	VERB
şganmidingiz	VERB
şganmisan	VERB
şganmisiz	VERB
şi	VERB
şica	VERB
şida	VERB
şidan	VERB
şiga	VERB
şim	VERB
şimda	VERB
şimdan	VERB
şimga	VERB
şimgaca	VERB
şimiz	VERB
şimizda	VERB
şimizdan	VERB
şimizga	VERB
şimizni	VERB
şimizning	VERB
şimni	VERB
şimning	VERB
şing	VERB
şingda	VERB
şingdan	VERB
şingga	VERB
şinggaca	VERB
şingiz	VERB
şingizda	VERB
şingizdan	VERB
şingizga	VERB
şingizgaca	VERB
şingizni	VERB
şingizning	VERB
şingni	VERB
şingning	VERB
şini	VERB
şiş	VERB
şişayotgandi	VERB
şişayotgandilar	VERB
şişayotganida	VERB
şişayotganidan	VERB
şişayotganini	VERB
şişayotganmidi	VERB
şişdi	VERB
şişgan	VERB
şişgandi	VERB
şişgandik	VERB
şişgandilar	VERB
şişganding	VERB
şişgandingiz	VERB
şişgani	VERB
şişganida	VERB
şişganidan	VERB
şişganim	VERB
şişganing	VERB
şişganingiz	VERB
şişganini	VERB
şişganlarimiz	VERB
şişganmi	VERB
şişganmidi	VERB
şma	VERB
şmadi	VERB
şmadilar	VERB
şmadillar	VERB
şmadim	VERB
şmadimi	VERB
şmading	VERB
şmagan	VERB
şmagandi	VERB
şmagani	VERB
şmaganing	VERB
şmaganingiz	VERB
şmaganligi	VERB
şmaganligidan	VERB
şmaganligini	VERB
şmoq	VERB
şni	VERB
şning	VERB
ştir	VERB
ştirgan	VERB
ştiriş	VERB
ştirişda	VERB
ştirişdan	VERB
ştirişdi	VERB
ştirişdimi	VERB
ştirişgan	VERB
ştirişganmi	VERB
ştirişganmidi	VERB
ştirişni	VERB
